{"cameraMode":{"drawMode":0,"name":"Shaded","section":"Shading Mode"},"sceneLighting":true,"audioPlay":false,"sceneViewState":{"m_AlwaysRefresh":false,"showFog":true,"showSkybox":true,"showFlares":true,"showImageEffects":true,"showParticleSystems":true,"showVisualEffectGraphs":true,"m_FxEnabled":true},"in2DMode":false,"pivot":{"x":1.6103712320327759,"y":-0.09580773115158081,"z":-0.36067748069763186},"rotation":{"x":0.07411310821771622,"y":0.9107942581176758,"z":-0.18729276955127717,"w":0.36040937900543215},"size":1.7348871231079102,"orthographic":false}